peqVRE,peqDH,st1T,st1S,st2S,st3T,st3H,st3M,e1TA1,e1TA2,e1TA3,e1TA4,e1TA5,e1TA6,e1TC1,e1TC2,e1TC3,e1TC4,e1TC5,e1TC6,e1M1,e1M2,e1M3,e1M4,e1M5,e1M6,e1H1,e1H2,e1H3,e1H4,e1H5,e1H6,e1ML1,e1ML2,e1ML3,e1MT1,e1MT2,e1MT3,e1MB1,e1MB2,e1MB3,e1MH1,e1MH2,e1MH3,e1MC1,e1MC2,e1MC3,e1MW1,e1MW2,e1MW3,e2TTA,e2TTL1,e2TTL2,e2TTL3,e2JTA,e2JTL1,e2JTL2,e2JTL3,e2MT1,e2MT2,e2MT3,e2MT4,e2MJ1,e2MJ2,e2MJ3,e2MJ4
Seasoned veteran,Left,9.963268,3,7,19.52198,80,3,1.697548,3.976696,1.472883,1.718969,1.370614,1.9639,3.753696,4.334305,3.004544,5.338736,3.327729,4.512373,0,0,0,0,0,0,11,44,8,13,24,12,4,4,4,4,4,4,4,4,4,4,4,4,4,4,4,4,4,4,0.4534531,4.232089,4.558623,8.980405,0.4875921,9.08043,8.668231,9.092255,4,4,4,4,4,4,4,4

