peqVRE,peqDH,st1T,st1S,st2S,st3T,st3H,st3M,e1TA1,e1TA2,e1TA3,e1TA4,e1TA5,e1TA6,e1TC1,e1TC2,e1TC3,e1TC4,e1TC5,e1TC6,e1M1,e1M2,e1M3,e1M4,e1M5,e1M6,e1H1,e1H2,e1H3,e1H4,e1H5,e1H6,e1ML1,e1ML2,e1ML3,e1MT1,e1MT2,e1MT3,e1MB1,e1MB2,e1MB3,e1MH1,e1MH2,e1MH3,e1MC1,e1MC2,e1MC3,e1MW1,e1MW2,e1MW3,e2TTA,e2TTL1,e2TTL2,e2TTL3,e2JTA,e2JTL1,e2JTL2,e2JTL3,e2MT1,e2MT2,e2MT3,e2MT4,e2MJ1,e2MJ2,e2MJ3,e2MJ4
Seasoned veteran,Left,9.963268,3,7,19.52198,80,3,1.697548,3.976696,1.472883,1.718969,1.370614,1.9639,3.753696,4.334305,3.004544,5.338736,3.327729,4.512373,0,0,0,0,0,0,11,44,8,13,24,12,4,4,4,4,4,4,4,4,4,4,4,4,4,4,4,4,4,4,0.4534531,4.232089,4.558623,8.980405,0.4875921,9.08043,8.668231,9.092255,4,4,4,4,4,4,4,4
Seasoned veteran,Left,8.398157,3,6,12.08193,65,0,1.663612,1.963057,1.819445,2.288128,1.270785,2.235078,2.757659,4.001133,3.439725,6.580781,4.813069,5.114745,0,0,0,0,0,0,11,43,9,16,37,18,6,2,2,4,7,7,7,7,7,5,6,3,4,5,6,7,2,1,1.239862,5.484367,4.803187,6.210437,0.0145022,8.556398,9.11214,9.396225,4,5,3,6,5,2,3,1
Seasoned veteran,Left,10.84535,4,9,11.85503,61,0,2.689651,3.416439,2.724566,3.940803,2.475725,4.767556,5.318513,5.038372,5.271531,9.419213,4.92778,4.470874,0,0,0,0,0,0,14,31,14,33,34,14,4,4,4,4,4,4,4,4,4,4,4,4,4,4,4,4,4,4,1.11649,7.461319,5.249241,8.244271,0.7808378,9.974936,9.393883,10.84515,4,4,4,4,4,4,4,4
Seasoned veteran,Left,5.529279,0,5,12.6301,58,1,1.806355,2.254657,1.775647,2.556084,2.186267,3.205971,4.204109,6.356083,4.245129,9.572683,4.211171,3.15009,0,0,0,0,0,0,12,38,12,35,21,9,4,4,4,4,4,4,4,4,4,4,4,4,4,4,4,4,4,4,1.17273,6.880465,4.981048,5.551713,0.0150299,11.05823,9.684099,10.81257,4,4,4,4,4,4,4,4
Seasoned veteran,Left,4.266631,0,1,11.94834,61,0,1.38253,2.71243,2.010632,4.197517,1.606097,2.523412,3.339706,5.550998,4.063681,8.402748,4.532875,17.13509,0,0,0,0,0,6,7,40,19,30,27,32,4,4,4,4,4,4,4,4,4,4,4,4,4,4,4,4,4,4,1.406854,6.788788,4.949957,5.439486,0.7255855,9.828609,8.891238,8.891517,4,4,4,4,4,4,4,4
Seasoned veteran,Left,10.12034,5,6,10.25188,43,0,1.32863,1.78537,1.32322,2.57007,1.259983,2.278262,3.438443,5.171624,2.999281,5.997505,4.132341,4.80321,0,0,0,0,0,0,10,55,12,27,23,14,7,7,1,7,7,1,2,2,0,0,5,0,8,0,0,8,0,0,1.09499,5.395929,4.601223,5.730948,0.014125,10.16502,9.081007,10.06312,6,4,0,2,4,4,4,7
